{
   "name": "waynes-shared-compendia",
   "title": "Wayne's Shared Compendia",
   "description": "A Foundry VTT module for sharing content between my worlds",
   "author": "Wayne",
   "version": "1.0.0",
   "minimumCoreVersion": "0.5.0",
   "compatibleCoreVersion":"0.8.8",
   "url": "https://github.com/mahmon/waynes-shared-compendia",
   "manifest": "https://raw.githubusercontent.com/mahmon/waynes-shared-compendia/main/module.json",
   "download": "https://github.com/mahmon/waynes-shared-compendia/raw/main/deploy/waynes-shared-compendia-v1.0.0.zip",
   "packs": [
    {
      "name": "scenes",
      "label": "Wayne's Compendia - Scenes",
      "path": "packs/scenes.db",
      "entity": "Scene",
      "module": "waynes-shared-compendia"
    }
  ]
 }
